City_ID,City,Lat,Lng,Max Temp,Humidity,Cloudiness,Wind Speed,Country,Date
0,Saint-Philippe,-21.3585,55.7679,75.2,69,0,6.91,RE,2021-03-16 22:43:13
1,Rikitea,-23.1203,-134.9692,80.49,74,68,8.61,PF,2021-03-16 22:46:17
2,Thompson,55.7435,-97.8558,33.8,27,20,10.36,CA,2021-03-16 22:46:55
3,Ushuaia,-54.8,-68.3,46.4,66,40,27.63,AR,2021-03-16 22:41:31
4,Chimbote,-9.0853,-78.5783,75.15,73,98,8.81,PE,2021-03-16 22:48:23
5,Butaritari,3.0707,172.7902,81.05,77,63,13.24,KI,2021-03-16 22:46:17
6,Norman Wells,65.282,-126.8329,-4.0,71,75,2.3,CA,2021-03-16 22:43:10
7,Jamestown,42.097,-79.2353,41.0,60,40,4.76,US,2021-03-16 22:45:13
8,Paamiut,61.994,-49.6678,18.59,86,100,17.58,GL,2021-03-16 22:47:50
9,Koundara,12.4833,-13.3,80.98,16,0,1.54,GN,2021-03-16 22:48:24
10,Qui Nhon,13.7667,109.2333,68.95,90,1,5.06,VN,2021-03-16 22:48:24
11,Dalbandin,28.8947,64.4101,64.04,23,75,4.12,PK,2021-03-16 22:48:24
12,Kamaishi,39.2667,141.8833,38.71,67,75,16.67,JP,2021-03-16 22:48:24
13,Sakakah,29.9697,40.2064,69.8,24,0,4.61,SA,2021-03-16 22:42:28
14,Tautira,-17.7333,-149.15,89.6,58,40,5.75,PF,2021-03-16 22:48:25
15,Souillac,-20.5167,57.5167,78.8,78,75,8.05,MU,2021-03-16 22:44:29
16,Arraial Do Cabo,-22.9661,-42.0278,77.56,83,0,20.11,BR,2021-03-16 22:43:16
17,Vaini,-21.2,-175.2,78.8,78,20,11.5,TO,2021-03-16 22:42:51
18,Morrope,-6.5417,-80.0111,80.6,61,0,20.71,PE,2021-03-16 22:48:25
19,Klaksvik,62.2266,-6.589,44.6,93,75,21.85,FO,2021-03-16 22:44:12
20,Kapaa,22.0752,-159.319,73.4,88,90,24.16,US,2021-03-16 22:46:17
21,Hobart,-42.8794,147.3294,57.0,76,20,9.22,AU,2021-03-16 22:46:15
22,Raha,26.2333,92.5167,66.58,41,0,4.65,IN,2021-03-16 22:48:25
23,Prince Rupert,54.3161,-130.3201,41.0,87,90,12.66,CA,2021-03-16 22:45:04
24,Albany,42.6001,-73.9662,32.0,28,99,3.91,US,2021-03-16 22:42:19
25,Nome,64.5011,-165.4064,12.99,92,90,4.23,US,2021-03-16 22:47:04
26,Lebu,-37.6167,-73.65,56.68,87,85,12.64,CL,2021-03-16 22:46:27
27,Mataura,-46.1927,168.8643,57.99,72,100,15.99,NZ,2021-03-16 22:42:53
28,Moose Factory,51.2585,-80.6094,41.0,52,90,6.91,CA,2021-03-16 22:48:26
29,Barrow,71.2906,-156.7887,1.4,71,90,20.71,US,2021-03-16 22:43:39
30,Hare Bay,48.8499,-54.0148,21.2,86,100,10.36,CA,2021-03-16 22:48:26
31,Mount Gambier,-37.8333,140.7667,53.6,100,0,3.83,AU,2021-03-16 22:46:44
32,Punta Arenas,-53.15,-70.9167,48.2,66,75,23.02,CL,2021-03-16 22:46:17
33,San Vicente,-26.6167,-54.1333,72.27,79,64,2.33,AR,2021-03-16 22:45:15
34,Port Alfred,-33.5906,26.891,66.0,90,93,8.46,ZA,2021-03-16 22:43:07
35,Bluff,-46.6,168.3333,57.99,72,77,15.99,NZ,2021-03-16 22:46:25
36,Khatanga,71.9667,102.5,-43.4,97,52,10.78,RU,2021-03-16 22:46:50
37,Buala,-8.145,159.5921,84.81,64,43,4.07,SB,2021-03-16 22:48:18
38,Carnarvon,-24.8667,113.6333,78.8,83,32,12.66,AU,2021-03-16 22:45:33
39,Hambantota,6.1241,81.1185,76.17,84,79,11.5,LK,2021-03-16 22:46:34
40,Mantua,45.1667,10.7833,45.0,48,27,1.99,IT,2021-03-16 22:48:27
41,Atuona,-9.8,-139.0333,80.46,66,13,10.33,PF,2021-03-16 22:46:32
42,Yellowknife,62.456,-114.3525,14.0,52,20,8.05,CA,2021-03-16 22:46:45
43,Vestmannaeyjar,63.4427,-20.2734,44.87,94,100,16.55,IS,2021-03-16 22:46:38
44,Qaanaaq,77.484,-69.3632,1.98,74,98,2.64,GL,2021-03-16 22:43:32
45,Buchanan,5.8808,-10.0467,79.03,88,64,7.4,LR,2021-03-16 22:43:48
46,Ostrovnoy,68.0531,39.5131,21.34,81,100,9.48,RU,2021-03-16 22:46:43
47,Wamba,8.9333,8.6,79.7,40,100,1.86,NG,2021-03-16 22:48:28
48,Cape Town,-33.9258,18.4232,64.4,72,0,17.27,ZA,2021-03-16 22:44:33
49,Yumen,40.2833,97.2,30.58,21,99,6.42,CN,2021-03-16 22:47:09
50,Nokaneng,-19.6667,22.2667,74.89,57,73,3.96,BW,2021-03-16 22:48:28
51,Avarua,-21.2078,-159.775,84.2,74,40,9.22,CK,2021-03-16 22:43:21
52,Tasiilaq,65.6145,-37.6368,24.8,86,90,27.63,GL,2021-03-16 22:46:25
53,Kushima,31.4583,131.2333,64.4,88,75,8.05,JP,2021-03-16 22:48:29
54,Fenoarivo,-18.933,47.4354,64.4,88,40,5.75,MG,2021-03-16 22:48:29
55,Katesh,-4.5167,35.3833,56.82,96,98,5.5,TZ,2021-03-16 22:48:29
56,Ribeira Grande,38.5167,-28.7,61.84,90,98,25.88,PT,2021-03-16 22:47:23
57,Palmer,42.1584,-72.3287,34.0,21,75,8.05,US,2021-03-16 22:47:56
58,Pila,53.1515,16.7378,36.0,86,90,4.92,PL,2021-03-16 22:48:29
59,Hualmay,-11.0964,-77.6139,73.94,78,100,10.04,PE,2021-03-16 22:48:07
60,Bethel,41.3712,-73.414,33.01,48,100,4.29,US,2021-03-16 22:47:11
61,Chuy,-33.6971,-53.4616,72.82,87,92,11.56,UY,2021-03-16 22:46:32
62,Auki,-8.7676,160.7034,84.54,65,3,3.51,SB,2021-03-16 22:46:34
63,Tomatlan,19.9333,-105.25,81.82,37,0,9.8,MX,2021-03-16 22:48:30
64,Ancud,-41.8697,-73.8203,60.8,48,0,6.91,CL,2021-03-16 22:46:46
65,Itoman,26.1247,127.6694,69.8,88,20,3.44,JP,2021-03-16 22:47:09
66,Pisco,-13.7,-76.2167,77.0,61,75,18.41,PE,2021-03-16 22:47:32
67,New Norfolk,-42.7826,147.0587,57.0,82,67,3.0,AU,2021-03-16 22:46:19
68,Reinosa,42.9996,-4.138,50.0,99,63,1.01,ES,2021-03-16 22:48:30
69,Port Elizabeth,-33.918,25.5701,64.4,88,75,1.14,ZA,2021-03-16 22:46:15
70,East London,-33.0153,27.9116,70.14,74,83,5.66,ZA,2021-03-16 22:43:04
71,Luderitz,-26.6481,15.1594,62.78,84,0,11.45,NA,2021-03-16 22:47:14
72,Portland,45.5234,-122.6762,55.0,43,40,4.61,US,2021-03-16 22:41:50
73,Puerto Cabello,10.4731,-68.0125,84.2,85,98,16.11,VE,2021-03-16 22:48:31
74,Pacific Grove,36.6177,-121.9166,54.0,70,45,5.01,US,2021-03-16 22:44:58
75,Hilo,19.7297,-155.09,78.8,69,75,9.22,US,2021-03-16 22:46:19
76,Amga,60.8953,131.9608,2.53,94,53,4.83,RU,2021-03-16 22:48:31
77,Batagay-Alyta,67.8006,130.4114,-18.85,82,53,3.22,RU,2021-03-16 22:48:32
78,Puerto Ayora,-0.7393,-90.3518,82.4,78,20,9.22,EC,2021-03-16 22:47:19
79,Bathsheba,13.2167,-59.5167,78.8,65,20,16.11,BB,2021-03-16 22:48:32
80,Geraldton,-28.7667,114.6,69.8,88,59,2.3,AU,2021-03-16 22:47:07
81,Cabra,37.4725,-4.4421,54.0,74,45,4.07,ES,2021-03-16 22:48:32
82,Castro,-24.7911,-50.0119,66.13,89,11,3.71,BR,2021-03-16 22:47:16
83,Samarai,-10.6167,150.6667,81.88,77,100,6.29,PG,2021-03-16 22:45:14
84,Surovikino,48.6078,42.8486,33.87,64,94,18.28,RU,2021-03-16 22:48:32
85,Kaitangata,-46.2817,169.8464,55.99,63,98,14.0,NZ,2021-03-16 22:46:49
86,Puerto Escondido,15.85,-97.0667,86.0,70,20,8.05,MX,2021-03-16 22:48:33
87,Evensk,61.95,159.2333,10.0,71,0,12.08,RU,2021-03-16 22:48:33
88,Lorengau,-2.0226,147.2712,84.43,69,97,5.86,PG,2021-03-16 22:43:44
89,Provideniya,64.3833,-173.3,6.8,78,90,11.18,RU,2021-03-16 22:47:00
90,Kruisfontein,-34.0033,24.7314,60.01,91,61,1.01,ZA,2021-03-16 22:46:34
91,Busselton,-33.65,115.3333,65.73,58,0,2.1,AU,2021-03-16 22:46:13
92,Victoria Point,-27.5833,153.3,70.0,94,90,5.75,AU,2021-03-16 22:48:34
93,Mehamn,71.0357,27.8492,17.6,67,40,25.32,NO,2021-03-16 22:47:36
94,Bar Harbor,44.3876,-68.2039,30.2,31,1,4.61,US,2021-03-16 22:48:34
95,Shenjiamen,29.9576,122.298,48.85,88,100,11.32,CN,2021-03-16 22:48:34
96,Svetlogorsk,52.6333,29.7333,34.02,96,100,6.33,BY,2021-03-16 22:48:34
97,Changji,44.0167,87.3167,23.0,100,75,2.24,CN,2021-03-16 22:48:35
98,Tuatapere,-46.1333,167.6833,57.99,72,98,15.99,NZ,2021-03-16 22:46:44
99,Hermanus,-34.4187,19.2345,60.01,87,16,11.88,ZA,2021-03-16 22:43:17
100,Longyearbyen,78.2186,15.6401,-4.0,65,20,16.11,SJ,2021-03-16 22:43:25
101,Bambous Virieux,-20.3428,57.7575,78.8,78,75,8.05,MU,2021-03-16 22:45:21
102,Guarapari,-20.6667,-40.4975,79.0,78,0,13.8,BR,2021-03-16 22:47:24
103,Mar Del Plata,-38.0023,-57.5575,66.2,100,90,3.44,AR,2021-03-16 22:43:25
104,Guerrero Negro,27.9769,-114.0611,59.59,55,0,23.42,MX,2021-03-16 22:47:00
105,Kondopoga,62.2057,34.2614,33.8,93,84,6.71,RU,2021-03-16 22:48:35
106,Gavle,60.6745,17.1417,30.0,80,33,1.01,SE,2021-03-16 22:48:35
107,Birao,10.2849,22.7882,79.54,52,88,7.87,CF,2021-03-16 22:48:36
108,Aklavik,68.2191,-135.0107,-4.0,65,67,2.3,CA,2021-03-16 22:46:52
109,San Giljan,35.9184,14.4898,54.0,76,20,11.5,MT,2021-03-16 22:48:36
110,Chokurdakh,70.6333,147.9167,-21.98,84,0,8.52,RU,2021-03-16 22:46:28
111,Masuguru,-11.3667,38.4167,71.38,98,42,2.1,TZ,2021-03-16 22:48:36
112,Hithadhoo,-0.6,73.0833,81.99,70,73,5.64,MV,2021-03-16 22:46:19
113,Thousand Oaks,34.1706,-118.8376,63.0,38,7,1.01,US,2021-03-16 22:48:37
114,Sabang,5.8933,95.3214,82.15,72,79,5.93,ID,2021-03-16 22:48:37
115,Victoria,22.2855,114.1577,73.0,89,5,6.96,HK,2021-03-16 22:45:05
116,Santa Vitoria Do Palmar,-33.5189,-53.3681,73.06,88,97,11.05,BR,2021-03-16 22:48:37
117,Ibimirim,-8.5406,-37.6903,78.55,42,74,18.59,BR,2021-03-16 22:48:38
118,Saskylakh,71.9167,114.0833,-42.07,95,88,8.57,RU,2021-03-16 22:46:18
119,Los Llanos De Aridane,28.6585,-17.9182,66.2,59,90,12.66,ES,2021-03-16 22:47:33
120,Port Macquarie,-31.4333,152.9167,68.0,99,100,1.01,AU,2021-03-16 22:44:01
121,Kahului,20.8947,-156.47,77.0,73,40,17.27,US,2021-03-16 22:44:57
122,Caxito,-8.5785,13.6643,78.8,78,75,1.88,AO,2021-03-16 22:48:38
123,Marfino,55.7028,37.3822,34.0,80,90,6.71,RU,2021-03-16 22:48:38
124,San Cristobal,7.7669,-72.225,75.2,94,75,13.8,VE,2021-03-16 22:44:35
125,Jega,12.2175,4.3792,86.2,21,4,4.68,NG,2021-03-16 22:48:39
126,Nikolskoye,59.7035,30.7861,30.99,93,0,2.24,RU,2021-03-16 22:46:38
127,Riyadh,24.6877,46.7219,80.6,19,0,6.91,SA,2021-03-16 22:45:22
128,Katsuura,35.1333,140.3,54.0,50,20,9.22,JP,2021-03-16 22:43:22
129,Torbay,47.6666,-52.7314,28.0,86,90,25.32,CA,2021-03-16 22:47:02
130,Jiangyou,31.7667,104.7167,62.28,86,96,3.85,CN,2021-03-16 22:48:39
131,Turukhansk,65.8167,87.9833,-17.7,67,68,1.41,RU,2021-03-16 22:48:39
132,Payo,-3.7508,103.6372,71.49,96,35,1.5,ID,2021-03-16 22:48:40
133,Half Moon Bay,37.4636,-122.4286,55.99,62,1,6.91,US,2021-03-16 22:48:40
134,Sao Filipe,14.8961,-24.4956,72.41,68,0,12.97,CV,2021-03-16 22:47:25
135,Severo-Kurilsk,50.6789,156.125,34.92,98,100,9.84,RU,2021-03-16 22:46:39
136,Fare,-16.7,-151.0167,82.24,73,72,9.44,PF,2021-03-16 22:48:40
137,Miahuatlan,18.5667,-97.4333,80.42,20,2,4.61,MX,2021-03-16 22:48:41
138,Moussoro,13.6408,16.4901,83.66,11,69,14.41,TD,2021-03-16 22:48:41
139,Makakilo City,21.3469,-158.0858,80.6,61,75,11.5,US,2021-03-16 22:48:41
140,Kodiak,57.79,-152.4072,32.0,51,1,9.22,US,2021-03-16 22:46:38
141,Gaspe,48.8334,-64.4819,12.2,48,20,9.22,CA,2021-03-16 22:46:02
142,Hanmer Springs,-42.5167,172.8167,62.51,45,0,5.19,NZ,2021-03-16 22:48:42
143,Mersing,2.4312,103.8405,75.2,94,83,5.75,MY,2021-03-16 22:45:18
144,Okaihau,-35.3167,173.7833,69.01,65,32,5.01,NZ,2021-03-16 22:48:42
145,Konza,-1.7426,37.1294,59.86,83,51,5.5,KE,2021-03-16 22:48:42
146,Flinders,-34.5833,150.8552,66.99,81,99,3.0,AU,2021-03-16 22:48:03
147,Jalapa,19.5333,-96.9167,76.05,59,3,6.31,MX,2021-03-16 22:48:42
148,Sao Domingos,-13.3983,-46.3183,74.08,70,68,4.21,BR,2021-03-16 22:48:43
149,Adrar,20.5022,-10.0711,72.82,14,0,9.37,MR,2021-03-16 22:47:21
150,Manacapuru,-3.2997,-60.6206,84.2,74,20,5.75,BR,2021-03-16 22:48:43
151,Orumiyeh,37.5527,45.0761,55.4,33,20,18.41,IR,2021-03-16 22:48:43
152,Kashi,39.4547,75.9797,48.2,34,40,4.47,CN,2021-03-16 22:48:44
153,Ambulu,-8.345,113.6058,75.7,90,85,3.15,ID,2021-03-16 22:48:44
154,Elesbao Veloso,-6.2019,-42.1403,74.8,85,10,2.59,BR,2021-03-16 22:48:44
155,Port-Gentil,-0.7193,8.7815,80.69,79,100,10.83,GA,2021-03-16 22:48:44
156,Sola,-13.8833,167.55,82.35,72,71,13.2,VU,2021-03-16 22:48:45
157,Miracema Do Tocantins,-9.5618,-48.3967,76.23,85,13,1.74,BR,2021-03-16 22:48:45
158,Lompoc,34.6391,-120.4579,57.2,58,1,18.41,US,2021-03-16 22:48:45
159,Airai,-8.9266,125.4092,64.15,81,47,1.23,TL,2021-03-16 22:46:28
160,Isangel,-19.55,169.2667,84.2,74,20,11.5,VU,2021-03-16 22:47:28
161,Narsaq,60.9167,-46.05,33.8,75,75,4.61,GL,2021-03-16 22:46:54
162,Glenwood Springs,39.5505,-107.3248,44.6,80,75,2.64,US,2021-03-16 22:47:59
163,Chapais,49.7834,-74.8492,37.4,30,40,12.66,CA,2021-03-16 22:47:02
164,Vangaindrano,-23.35,47.6,74.37,92,82,4.03,MG,2021-03-16 22:48:46
165,Kamyaran,34.7956,46.9355,57.2,38,40,9.22,IR,2021-03-16 22:48:46
166,Sinnamary,5.3833,-52.95,76.89,82,80,11.95,GF,2021-03-16 22:48:06
167,Cherskiy,68.75,161.3,-20.24,95,100,5.59,RU,2021-03-16 22:46:21
168,Tuktoyaktuk,69.4541,-133.0374,-14.8,76,20,2.3,CA,2021-03-16 22:46:14
169,Upernavik,72.7868,-56.1549,-1.39,95,99,4.07,GL,2021-03-16 22:46:53
170,Iqaluit,63.7506,-68.5145,-13.0,70,75,2.3,CA,2021-03-16 22:43:29
171,Hovd,48.0056,91.6419,18.59,55,66,4.45,MN,2021-03-16 22:47:56
172,Waipawa,-41.4122,175.5153,64.99,55,25,9.22,NZ,2021-03-16 22:48:47
173,Ponta Do Sol,32.6667,-17.1,62.6,55,20,12.66,PT,2021-03-16 22:47:24
174,Kamenka,51.3223,42.7678,32.0,77,100,8.01,RU,2021-03-16 22:47:27
175,Vanavara,60.34,102.2797,10.02,94,98,8.41,RU,2021-03-16 22:48:47
176,San Patricio,28.017,-97.5169,80.6,83,90,20.71,US,2021-03-16 22:47:56
177,Skjervoy,70.0311,20.9714,24.76,59,100,10.22,NO,2021-03-16 22:48:47
178,Sterling,39.0062,-77.4286,43.0,75,90,10.36,US,2021-03-16 22:48:48
179,Rawson,-43.3002,-65.1023,54.54,65,77,25.46,AR,2021-03-16 22:47:08
180,Lac-Megantic,45.5834,-70.8823,30.2,29,20,3.44,CA,2021-03-16 22:48:48
181,Zhigansk,66.7697,123.3711,-11.06,90,59,6.04,RU,2021-03-16 22:47:24
182,Mogadishu,2.0371,45.3438,79.77,83,77,15.68,SO,2021-03-16 22:46:41
183,Saldanha,-33.0117,17.9442,62.6,72,0,4.61,ZA,2021-03-16 22:44:48
184,Mirabad,30.4362,61.8383,62.44,22,79,5.57,AF,2021-03-16 22:48:48
185,Jardim,-21.4803,-56.1381,76.8,84,76,2.75,BR,2021-03-16 22:48:49
186,Lavrentiya,65.5833,-171.0,4.28,92,100,5.08,RU,2021-03-16 22:47:55
187,Yulara,-25.2406,130.9889,60.8,36,96,9.22,AU,2021-03-16 22:47:49
188,Petawawa,45.9001,-77.3328,39.2,35,1,6.91,CA,2021-03-16 22:45:04
189,Labuhan,-6.8844,112.2051,77.32,87,53,3.27,ID,2021-03-16 22:47:12
190,Saint-Prosper,46.2117,-70.4811,30.2,24,52,3.44,CA,2021-03-16 22:48:49
191,Bambanglipuro,-7.95,110.2833,75.47,86,6,2.35,ID,2021-03-16 22:48:49
192,Anadyr,64.75,177.4833,-4.0,77,20,22.37,RU,2021-03-16 22:48:50
193,Georgetown,5.4112,100.3354,81.0,83,20,2.3,MY,2021-03-16 22:42:56
194,Byron Bay,-28.65,153.6167,68.0,88,90,12.66,AU,2021-03-16 22:45:56
195,Palu,-0.8917,119.8707,77.79,89,100,2.75,ID,2021-03-16 22:48:50
196,Zalesovo,53.9939,84.7431,3.56,96,99,4.81,RU,2021-03-16 22:48:50
197,Sisimiut,66.9395,-53.6735,4.35,82,66,5.41,GL,2021-03-16 22:48:51
198,Faanui,-16.4833,-151.75,82.6,72,19,10.69,PF,2021-03-16 22:42:55
199,Nouakchott,18.0858,-15.9785,71.6,64,0,9.22,MR,2021-03-16 22:47:52
200,Taoudenni,22.6783,-3.9836,73.98,17,0,15.26,ML,2021-03-16 22:48:51
201,Muswellbrook,-32.2667,150.9,64.0,87,100,4.0,AU,2021-03-16 22:48:51
202,Sao Raimundo Nonato,-9.0153,-42.6994,75.94,64,52,0.36,BR,2021-03-16 22:48:51
203,San Luis,-33.295,-66.3356,64.89,40,3,10.38,AR,2021-03-16 22:48:52
204,Bajram Curri,42.3554,20.0784,42.8,49,20,6.91,AL,2021-03-16 22:48:52
205,Opuwo,-18.0607,13.84,68.2,73,97,2.62,NA,2021-03-16 22:47:55
206,Muisne,0.6,-80.0333,82.4,83,75,9.22,EC,2021-03-16 22:48:52
207,Manisa,38.8333,28.1667,39.42,84,84,4.36,TR,2021-03-16 22:48:52
208,Fortuna,40.5982,-124.1573,53.01,57,1,13.8,US,2021-03-16 22:46:34
209,Bogalusa,30.791,-89.8487,82.4,57,40,10.36,US,2021-03-16 22:48:53
210,Thunder Bay,48.4001,-89.3168,44.6,31,1,8.05,CA,2021-03-16 22:48:53
211,Kharabali,47.4196,47.2568,34.74,52,100,22.55,RU,2021-03-16 22:48:53
212,Bredasdorp,-34.5322,20.0403,60.8,94,13,5.86,ZA,2021-03-16 22:46:31
213,Albanel,48.8832,-72.4487,26.6,54,35,4.61,CA,2021-03-16 22:48:54
214,Erzin,36.9559,36.2,57.99,72,93,1.01,TR,2021-03-16 22:48:54
215,Madhipura,25.9167,86.7833,63.95,27,0,3.74,IN,2021-03-16 22:48:54
216,Ketchikan,55.3422,-131.6461,37.4,100,90,13.8,US,2021-03-16 22:44:55
217,Mandalgovi,45.7625,106.2708,20.95,60,96,5.77,MN,2021-03-16 22:48:54
218,Netanya,32.3329,34.8599,57.99,88,0,3.44,IL,2021-03-16 22:48:55
219,Port Hardy,50.6996,-127.4199,44.6,65,90,14.97,CA,2021-03-16 22:44:50
220,Beringovskiy,63.05,179.3167,11.48,84,81,13.38,RU,2021-03-16 22:47:28
221,Flin Flon,54.7682,-101.865,33.8,29,20,12.66,CA,2021-03-16 22:48:12
222,Hofn,64.2539,-15.2082,42.17,73,85,1.28,IS,2021-03-16 22:48:55
223,Ankazoabo,-22.2833,44.5167,71.17,87,97,4.59,MG,2021-03-16 22:48:55
224,Aykhal,66.0,111.5,-28.93,95,62,6.58,RU,2021-03-16 22:45:16
225,Sawakin,19.1059,37.3321,77.85,80,0,9.31,SD,2021-03-16 22:48:07
226,Mitsamiouli,-11.3847,43.2844,81.77,70,0,4.92,KM,2021-03-16 22:44:41
227,Shirvan,39.9509,48.8994,42.85,88,0,2.17,AZ,2021-03-16 22:48:56
228,Chapleau,47.8405,-83.4034,46.4,17,1,4.61,CA,2021-03-16 22:48:56
229,Salalah,17.0151,54.0924,75.2,64,0,3.44,OM,2021-03-16 22:48:25
230,Pastos Bons,-6.6017,-44.0767,74.16,89,68,0.51,BR,2021-03-16 22:48:56
231,Uarini,-2.99,-65.1083,86.0,74,20,2.3,BR,2021-03-16 22:48:57
232,Parambu,-6.2111,-40.6944,71.67,89,32,2.46,BR,2021-03-16 22:48:57
233,La Macarena,2.1837,-73.7849,72.54,98,96,0.51,CO,2021-03-16 22:48:57
234,Mount Isa,-20.7333,139.5,80.6,47,61,11.5,AU,2021-03-16 22:47:34
235,Karratha,-20.7377,116.8463,82.69,57,62,5.3,AU,2021-03-16 22:48:16
236,Jerome,42.7241,-114.5186,51.8,40,1,17.27,US,2021-03-16 22:48:57
237,Kaniama,-7.5667,24.1833,64.29,96,100,2.68,CD,2021-03-16 22:48:58
238,Omboue,-1.5746,9.2618,76.66,88,76,5.86,GA,2021-03-16 22:48:58
239,Muzhi,65.3667,64.6667,4.95,96,98,5.44,RU,2021-03-16 22:48:58
240,Hasaki,35.7333,140.8333,51.8,66,20,4.61,JP,2021-03-16 22:46:20
241,Bacolod,10.6667,122.95,79.34,81,13,2.89,PH,2021-03-16 22:47:57
242,Padilla,3.2204,-76.3139,73.4,83,75,6.91,CO,2021-03-16 22:48:59
243,Indaial,-26.8978,-49.2317,78.8,83,40,11.5,BR,2021-03-16 22:48:59
244,Yacuiba,-22.038,-63.6797,77.54,75,85,0.78,BO,2021-03-16 22:48:59
245,Komsomolskiy,40.4272,71.7189,35.6,80,100,2.3,UZ,2021-03-16 22:46:40
246,Acapulco,16.8634,-99.8901,84.2,65,20,6.91,MX,2021-03-16 22:42:36
247,Dikson,73.5069,80.5464,-28.35,99,61,3.94,RU,2021-03-16 22:46:29
248,Sitka,57.0531,-135.33,39.2,65,75,5.75,US,2021-03-16 22:47:44
249,Tikaitnagar,26.95,81.5833,66.87,27,0,5.68,IN,2021-03-16 22:49:00
250,Oranjemund,-28.55,16.4333,61.86,94,9,5.44,NA,2021-03-16 22:43:30
251,Medicine Hat,50.0501,-110.6683,48.99,27,40,6.91,CA,2021-03-16 22:44:45
252,Gijon,43.5357,-5.6615,51.01,87,46,2.37,ES,2021-03-16 22:49:00
253,Alta Floresta,-9.8756,-56.0861,75.7,86,84,1.86,BR,2021-03-16 22:49:00
254,Plettenberg Bay,-34.0527,23.3716,63.09,86,68,3.67,ZA,2021-03-16 22:47:30
255,Itacoatiara,-3.1431,-58.4442,78.64,86,87,1.83,BR,2021-03-16 22:49:01
256,Cidreira,-30.1811,-50.2056,76.98,86,89,19.33,BR,2021-03-16 22:44:48
257,Robertsport,6.7533,-11.3686,79.88,83,38,12.64,LR,2021-03-16 22:49:01
258,Smithers,54.7804,-127.1743,41.0,56,90,8.05,CA,2021-03-16 22:46:53
259,Seddon,-37.8068,144.8916,72.0,88,0,3.44,AU,2021-03-16 22:49:02
260,Karabanovo,56.3167,38.7,30.2,97,100,4.85,RU,2021-03-16 22:49:02
261,Izumo,35.3667,132.7667,46.4,93,40,2.3,JP,2021-03-16 22:49:02
262,Tual,-5.6667,132.75,82.87,69,15,2.64,ID,2021-03-16 22:49:02
263,Loten,60.8171,11.3376,26.01,66,0,1.01,NO,2021-03-16 22:49:03
264,Kongwa,-6.2,36.4167,63.18,96,79,2.89,TZ,2021-03-16 22:49:03
265,Saint John,45.2727,-66.0677,26.6,33,1,10.36,CA,2021-03-16 22:48:28
266,Dourbali,11.8091,15.8632,81.86,19,100,8.52,TD,2021-03-16 22:49:03
267,Nkhata Bay,-11.6066,34.2907,73.49,85,77,6.26,MW,2021-03-16 22:49:03
268,Vao,-22.6667,167.4833,77.05,81,43,14.47,NC,2021-03-16 22:47:33
269,Waterloo,43.4668,-80.5164,35.6,55,90,10.36,CA,2021-03-16 22:45:08
270,Makushino,55.2103,67.2442,14.86,88,88,11.36,RU,2021-03-16 22:49:04
271,Doha,25.2867,51.5333,71.6,100,20,4.61,QA,2021-03-16 22:49:04
272,Port Blair,11.6667,92.75,77.13,69,81,6.33,IN,2021-03-16 22:45:13
273,Mahebourg,-20.4081,57.7,78.8,78,75,8.05,MU,2021-03-16 22:46:33
274,Ilulissat,69.2167,-51.1,10.4,72,75,8.05,GL,2021-03-16 22:43:50
275,Andenes,69.3143,16.1194,30.2,69,90,11.5,NO,2021-03-16 22:48:05
276,Ballina,-28.8667,153.5667,68.0,88,90,12.66,AU,2021-03-16 22:49:04
277,Maridi,4.9158,29.4742,69.91,81,93,5.46,SS,2021-03-16 22:49:05
278,Supe,-10.8,-77.7333,73.17,79,100,8.41,PE,2021-03-16 22:49:05
279,Bay Roberts,47.5999,-53.2648,27.0,79,100,8.99,CA,2021-03-16 22:49:05
280,Kavaratti,10.5669,72.642,82.51,70,6,8.14,IN,2021-03-16 22:46:31
281,Voi,-3.3945,38.563,72.09,88,40,4.0,KE,2021-03-16 22:46:05
282,Payyannur,12.1,75.2,76.53,88,77,3.27,IN,2021-03-16 22:49:06
283,Finspang,58.7058,15.7674,33.8,86,90,4.05,SE,2021-03-16 22:49:06
284,Santa Catarina De Tepehuanes,25.35,-105.7333,69.37,8,0,29.53,MX,2021-03-16 22:49:06
285,Mgandu,-5.95,34.1333,59.65,96,99,4.63,TZ,2021-03-16 22:49:06
286,Antofagasta,-23.65,-70.4,66.2,82,75,14.97,CL,2021-03-16 22:46:19
287,Sao Miguel Do Araguaia,-13.275,-50.1628,75.74,83,90,4.45,BR,2021-03-16 22:49:07
288,Nha Trang,12.25,109.1833,71.6,88,20,4.61,VN,2021-03-16 22:49:07
289,Matara,5.9485,80.5353,75.07,89,92,4.52,LK,2021-03-16 22:49:07
290,Nanortalik,60.1432,-45.2371,27.23,90,100,5.21,GL,2021-03-16 22:47:01
291,Aden,12.7794,45.0367,78.21,73,3,18.75,YE,2021-03-16 22:46:25
292,Tuyen Quang,21.8233,105.2181,73.06,87,99,2.33,VN,2021-03-16 22:49:08
293,Saint-Augustin,51.226,-58.6502,11.53,86,98,8.37,CA,2021-03-16 22:49:08
294,Kenai,60.5544,-151.2583,26.6,46,1,4.61,US,2021-03-16 22:49:08
295,Gushikawa,26.3544,127.8686,69.8,94,1,4.61,JP,2021-03-16 22:49:08
296,Sandwick,60.0,-1.25,46.4,81,40,19.57,GB,2021-03-16 22:49:09
297,Laguna,38.421,-121.4238,61.0,41,1,8.05,US,2021-03-16 22:48:05
298,Chivilcoy,-34.8957,-60.0167,66.99,66,87,4.0,AR,2021-03-16 22:49:09
299,Kavieng,-2.5744,150.7967,82.15,73,95,9.57,PG,2021-03-16 22:47:07
300,Tahta,26.7693,31.5021,68.0,45,0,10.36,EG,2021-03-16 22:46:21
301,Anchorage,61.2181,-149.9003,26.01,74,40,4.61,US,2021-03-16 22:49:09
302,Lere,10.387,8.5726,75.34,21,96,3.11,NG,2021-03-16 22:49:10
303,Talnakh,69.4865,88.3972,-26.61,88,86,5.55,RU,2021-03-16 22:44:33
304,Quatre Cocos,-20.2078,57.7625,78.8,78,75,8.05,MU,2021-03-16 22:47:49
305,Gizo,-8.103,156.8419,83.91,64,15,4.41,SB,2021-03-16 22:48:01
306,Mata,40.683,-7.4592,46.36,77,0,9.4,PT,2021-03-16 22:49:10
307,Ikongo,-21.8833,47.4333,69.51,97,96,1.5,MG,2021-03-16 22:49:10
308,Palafrugell,41.9174,3.1631,46.99,87,0,3.44,ES,2021-03-16 22:46:57
309,Nabire,-3.3667,135.4833,78.82,80,70,2.46,ID,2021-03-16 22:46:04
310,Sambava,-14.2667,50.1667,76.28,88,100,6.44,MG,2021-03-16 22:49:11
311,Leningradskiy,69.3833,178.4167,-0.4,94,100,16.33,RU,2021-03-16 22:47:05
312,Tevriz,57.509,72.4042,15.42,94,98,7.05,RU,2021-03-16 22:49:11
313,Krasnoselkup,65.7,82.4667,-4.0,92,98,12.41,RU,2021-03-16 22:49:11
314,Russell,32.3502,-85.1999,69.8,88,90,6.91,US,2021-03-16 22:49:12
315,Ust-Kulom,61.6864,53.6902,30.56,96,100,7.67,RU,2021-03-16 22:49:12
316,Bilibino,68.0546,166.4372,-11.04,93,100,4.43,RU,2021-03-16 22:49:12
317,Constitucion,-35.3333,-72.4167,58.64,79,27,12.73,CL,2021-03-16 22:45:38
318,Poniatowa,51.1798,22.1309,37.0,80,0,4.61,PL,2021-03-16 22:49:13
319,Baculin,7.4525,126.5842,79.86,77,6,5.17,PH,2021-03-16 22:49:13
320,Nadym,65.5333,72.5167,24.01,96,100,12.24,RU,2021-03-16 22:49:13
321,Durres,41.3231,19.4414,37.4,81,0,3.44,AL,2021-03-16 22:49:13
322,Praya,14.9215,-23.5087,69.8,64,0,13.8,CV,2021-03-16 22:46:40
323,Gornopravdinsk,60.05,69.9,25.9,94,100,8.99,RU,2021-03-16 22:48:14
324,Camacha,33.0833,-16.3333,60.8,82,40,10.36,PT,2021-03-16 22:44:42
325,Jiwani,25.05,61.7417,73.27,75,7,7.16,PK,2021-03-16 22:49:14
326,Coihaique,-45.5752,-72.0662,62.6,31,20,3.44,CL,2021-03-16 22:46:49
327,Namibe,-15.1961,12.1522,76.05,80,99,4.27,AO,2021-03-16 22:46:59
328,Itapetinga,-15.2489,-40.2478,71.89,81,28,4.47,BR,2021-03-16 22:49:14
329,Narok,-1.0783,35.8601,57.06,89,31,5.03,KE,2021-03-16 22:49:14
330,Probolinggo,-7.7543,113.2159,79.0,94,20,4.61,ID,2021-03-16 22:49:15
331,Ola,59.5833,151.2833,12.25,59,0,11.88,RU,2021-03-16 22:44:56
332,Aksu,41.1231,80.2644,48.78,38,100,6.42,CN,2021-03-16 22:46:58
333,Cockburn Town,21.4612,-71.1419,75.78,75,0,17.0,TC,2021-03-16 22:43:17
334,Bonavista,48.6499,-53.1147,27.0,86,100,10.36,CA,2021-03-16 22:49:15
335,Brae,60.3964,-1.353,46.4,81,40,19.57,GB,2021-03-16 22:47:36
336,Rutland,43.6167,-73.0162,35.6,27,1,4.61,US,2021-03-16 22:49:15
337,Taltal,-25.4,-70.4833,65.75,87,24,4.9,CL,2021-03-16 22:47:54
338,San Julian,21.0167,-102.1667,80.24,12,0,14.09,MX,2021-03-16 22:49:16
339,Kyra,49.5776,111.9753,8.13,88,0,4.65,RU,2021-03-16 22:49:16
340,Amarkantak,22.6667,81.75,62.6,33,0,2.64,IN,2021-03-16 22:48:13
341,Melfort,52.8667,-104.6177,24.8,54,45,5.75,CA,2021-03-16 22:49:16
342,Pangody,65.85,74.4859,22.59,95,100,11.97,RU,2021-03-16 22:49:17
343,Vilhena,-12.7406,-60.1458,78.8,78,20,4.61,BR,2021-03-16 22:47:41
344,Padang,-0.9492,100.3543,75.49,93,100,2.71,ID,2021-03-16 22:46:21
345,Vershino-Darasunskiy,52.35,115.5167,7.5,91,98,2.39,RU,2021-03-16 22:49:17
346,Tototlan,20.55,-102.8,88.0,6,1,12.66,MX,2021-03-16 22:49:17
347,Velsen,52.46,4.65,39.99,93,75,5.75,NL,2021-03-16 22:49:17
348,Radomir,42.5444,22.9578,39.0,87,90,18.41,BG,2021-03-16 22:49:18
349,Enshi,30.3,109.4833,57.87,94,90,1.43,CN,2021-03-16 22:49:18
350,Punalur,9.0,76.9333,80.6,83,20,3.44,IN,2021-03-16 22:49:18
351,Temir,49.1414,57.13,5.77,70,0,10.74,KZ,2021-03-16 22:49:18
352,Waddan,29.1614,16.139,55.81,38,2,6.06,LY,2021-03-16 22:45:39
353,Chicama,-7.8447,-79.1469,73.4,88,40,12.66,PE,2021-03-16 22:46:22
354,Inhambane,-23.865,35.3833,75.58,87,0,6.53,MZ,2021-03-16 22:49:19
355,Dingle,10.9995,122.6711,78.22,86,56,3.04,PH,2021-03-16 22:46:59
356,Athabasca,54.7169,-113.2854,44.6,42,0,10.36,CA,2021-03-16 22:49:19
357,Reynosa,26.0833,-98.2833,87.8,58,90,17.27,MX,2021-03-16 22:49:19
358,Shirokiy,49.758,129.523,15.39,89,37,11.05,RU,2021-03-16 22:49:20
359,Port Lincoln,-34.7333,135.8667,64.54,84,26,10.07,AU,2021-03-16 22:49:20
360,Forio,40.7342,13.8646,52.0,48,81,1.01,IT,2021-03-16 22:49:20
361,Rovaniemi,66.5,25.7167,15.8,67,0,6.91,FI,2021-03-16 22:49:20
362,Broken Hill,-31.95,141.4333,62.6,55,39,8.05,AU,2021-03-16 22:47:58
363,Praxedis Guerrero,31.3667,-106.0167,64.4,16,1,20.71,MX,2021-03-16 22:49:21
364,Sandnessjoen,66.0217,12.6316,32.0,80,40,4.61,NO,2021-03-16 22:49:21
365,Ornskoldsvik,63.2909,18.7153,28.4,80,90,4.61,SE,2021-03-16 22:49:21
366,Aksha,50.2814,113.2867,11.8,81,3,5.59,RU,2021-03-16 22:49:21
367,Naze,28.3667,129.4833,66.2,88,20,4.61,JP,2021-03-16 22:44:02
368,Vanimo,-2.6741,141.3028,79.63,87,54,4.03,PG,2021-03-16 22:46:42
369,Sfantu Gheorghe,45.8667,25.7833,33.01,91,100,1.01,RO,2021-03-16 22:49:22
370,Biak,-0.9131,122.8766,77.97,80,63,1.05,ID,2021-03-16 22:47:13
371,Czluchow,53.6672,17.3588,32.0,91,50,7.0,PL,2021-03-16 22:44:39
372,Akyab,20.15,92.9,68.86,69,0,5.23,MM,2021-03-16 22:49:22
373,Vung Tau,10.346,107.0843,75.88,84,16,11.86,VN,2021-03-16 22:49:22
374,Zholymbet,51.7433,71.7122,9.05,93,100,13.27,KZ,2021-03-16 22:49:23
375,Fonte Boa,-2.4959,-66.2662,77.14,94,100,0.65,BR,2021-03-16 22:49:23
376,Clyde River,70.4692,-68.5914,-14.8,64,20,4.61,CA,2021-03-16 22:47:27
377,Olinda,-8.0089,-34.8553,78.8,61,40,13.8,BR,2021-03-16 22:46:33
378,Petropavlovsk-Kamchatskiy,53.0452,158.6483,35.6,100,75,8.95,RU,2021-03-16 22:49:23
379,Abalak,58.1286,68.5944,20.93,94,100,8.46,RU,2021-03-16 22:49:24
380,Alofi,-19.0595,-169.9187,86.0,70,40,8.05,NU,2021-03-16 22:44:37
381,Havelock,34.8791,-76.9013,55.99,95,100,3.0,US,2021-03-16 22:49:24
382,Oussouye,12.485,-16.5469,73.4,88,0,4.61,SN,2021-03-16 22:49:24
383,Emborion,40.4833,21.55,35.6,51,51,2.3,GR,2021-03-16 22:49:24
384,Port Keats,-14.25,129.55,77.9,84,94,3.89,AU,2021-03-16 22:49:25
385,Chipinge,-20.1883,32.6236,61.05,95,1,4.47,ZW,2021-03-16 22:49:25
386,Kaeo,-35.1,173.7833,69.01,65,41,5.01,NZ,2021-03-16 22:47:22
387,Novikovo,51.1537,37.8879,31.71,81,99,11.23,RU,2021-03-16 22:49:25
388,Matay,28.419,30.7792,56.82,72,0,9.66,EG,2021-03-16 22:49:25
389,Mandan,46.8267,-100.8896,37.4,100,90,4.41,US,2021-03-16 22:45:26
390,Bodden Town,19.2833,-81.25,82.99,61,20,13.8,KY,2021-03-16 22:49:26
391,Pevek,69.7008,170.3133,-6.54,94,100,12.57,RU,2021-03-16 22:47:35
392,Koslan,63.4564,48.8989,30.74,97,99,6.2,RU,2021-03-16 22:49:26
393,Hamilton,39.1834,-84.5333,55.0,76,90,8.05,US,2021-03-16 22:46:28
394,Cholet,47.1667,-1.0,51.01,88,87,9.84,FR,2021-03-16 22:49:26
395,Poykovskiy,61.2333,73.3333,26.6,80,40,8.95,RU,2021-03-16 22:49:27
396,Kelme,55.6339,22.9342,32.0,100,90,9.22,LT,2021-03-16 22:49:27
397,Benghazi,32.1167,20.0667,60.12,69,34,20.38,LY,2021-03-16 22:49:27
398,Olafsvik,64.8945,-23.7142,42.12,96,100,15.26,IS,2021-03-16 22:44:19
399,Marawi,7.9986,124.2928,75.0,88,8,3.0,PH,2021-03-16 22:49:27
400,Jelenia Gora,50.8997,15.729,32.0,99,94,31.0,PL,2021-03-16 22:49:28
401,Deer Lake,49.1667,-57.4316,24.8,68,75,6.91,CA,2021-03-16 22:49:28
402,Zharkent,44.1628,80.0,28.63,85,94,2.42,KZ,2021-03-16 22:49:28
403,Kheralu,23.8833,72.6167,72.01,25,44,5.46,IN,2021-03-16 22:49:28
404,Bonthe,7.5264,-12.505,78.82,80,0,9.22,SL,2021-03-16 22:49:29
405,Puerto Madryn,-42.7692,-65.0385,55.89,62,95,25.41,AR,2021-03-16 22:49:29
406,Tete,-16.1564,33.5867,73.4,94,0,3.24,MZ,2021-03-16 22:49:29
407,Arkadak,51.9326,43.4978,25.32,84,100,11.23,RU,2021-03-16 22:49:29
408,Megion,61.0296,76.1136,24.8,74,90,8.95,RU,2021-03-16 22:49:30
409,Fort Nelson,58.8053,-122.7002,50.0,18,75,6.91,CA,2021-03-16 22:49:30
410,Machhlishahr,25.6833,82.4167,69.8,60,0,4.61,IN,2021-03-16 22:49:30
411,Yerkoy,39.6381,34.4672,40.78,74,78,8.1,TR,2021-03-16 22:49:30
412,Lata,40.1629,-8.3327,60.8,48,0,4.61,PT,2021-03-16 22:49:31
413,Hobyo,5.3505,48.5268,80.6,78,94,14.9,SO,2021-03-16 22:49:31
414,Santa Cruz,-17.8,-63.1667,82.4,69,40,13.8,BO,2021-03-16 22:48:09
415,Arvika,59.6553,12.5852,35.6,64,40,9.22,SE,2021-03-16 22:49:31
416,Fairbanks,64.8378,-147.7164,10.0,78,75,4.61,US,2021-03-16 22:44:15
417,Aleksandrov Gay,50.147,48.5704,23.77,84,98,16.53,RU,2021-03-16 22:46:31
418,Dunmore East,52.1514,-6.9861,48.0,79,10,5.99,IE,2021-03-16 22:49:32
419,Porto Novo,6.4965,2.6036,84.2,84,40,13.8,BJ,2021-03-16 22:49:32
420,Zaltan,32.947,11.8665,58.44,57,1,22.24,LY,2021-03-16 22:49:32
421,Kargil,34.5667,76.1,19.94,93,100,1.88,IN,2021-03-16 22:49:32
422,Ponta Delgada,37.7333,-25.6667,59.0,72,75,12.66,PT,2021-03-16 22:47:23
423,Akureyri,65.6835,-18.0878,35.6,80,75,3.44,IS,2021-03-16 22:49:14
424,Velyka Bilozerka,47.2776,34.7062,44.37,93,100,10.94,UA,2021-03-16 22:49:33
425,Ossora,59.2353,163.0719,18.01,85,7,9.28,RU,2021-03-16 22:47:22
426,Tambun,-6.2641,107.0712,79.0,94,20,3.47,ID,2021-03-16 22:49:33
427,Richards Bay,-28.783,32.0377,71.89,94,67,10.96,ZA,2021-03-16 22:44:26
428,Chigorodo,7.6664,-76.6811,78.4,86,100,3.56,CO,2021-03-16 22:49:33
429,Vigia Del Fuerte,6.5789,-76.8863,77.72,93,86,1.68,CO,2021-03-16 22:49:33
430,Vardo,70.3705,31.1107,12.2,85,75,12.66,NO,2021-03-16 22:49:34
431,Archidona,37.0965,-4.3887,59.0,87,87,4.74,ES,2021-03-16 22:49:34
432,San Rafael,-34.6177,-68.3301,69.66,44,66,9.75,AR,2021-03-16 22:49:34
433,Ocampo,21.65,-101.5,75.79,10,8,19.86,MX,2021-03-16 22:49:35
434,Ler,8.3018,30.1418,82.02,48,84,5.28,SS,2021-03-16 22:49:35
435,Ravar,31.2656,56.8055,60.1,27,59,2.15,IR,2021-03-16 22:49:35
436,Shuangyang,43.5242,125.6736,30.0,73,0,2.24,CN,2021-03-16 22:49:35
437,Skelleftea,64.7507,20.9528,30.2,64,90,5.75,SE,2021-03-16 22:49:36
438,Verkhneuralsk,53.8769,59.2106,17.6,53,40,6.71,RU,2021-03-16 22:49:36
439,Porto Murtinho,-21.6989,-57.8825,87.15,54,50,6.42,BR,2021-03-16 22:49:36
440,Codrington,-38.2667,141.9667,66.56,67,0,8.37,AU,2021-03-16 22:46:53
441,Union De Reyes,22.7953,-81.5375,80.6,47,20,13.8,CU,2021-03-16 22:49:37
442,Nyurba,63.2842,118.3319,9.54,94,97,8.25,RU,2021-03-16 22:47:05
443,Batagay,67.6333,134.6333,-8.59,88,100,6.38,RU,2021-03-16 22:48:38
444,Burnie,-41.0667,145.9167,59.0,65,63,11.01,AU,2021-03-16 22:47:10
445,Uvira,-3.4067,29.1458,72.43,81,100,3.85,CD,2021-03-16 22:49:37
446,Bogorodskoye,56.55,37.8833,30.9,96,100,5.3,RU,2021-03-16 22:49:38
447,Dunedin,-45.8742,170.5036,55.0,73,71,21.0,NZ,2021-03-16 22:49:38
448,Noshiro,40.2039,140.0242,39.2,60,75,21.85,JP,2021-03-16 22:49:38
449,Maragogi,-9.0122,-35.2225,77.56,76,0,8.03,BR,2021-03-16 22:49:38
450,Bara,10.3744,10.7288,82.53,15,66,5.32,NG,2021-03-16 22:49:39
451,Leopold,-38.1833,144.4667,64.99,82,3,5.75,AU,2021-03-16 22:49:39
452,Caravelas,-17.7125,-39.2481,77.92,81,39,8.63,BR,2021-03-16 22:44:43
453,Miechow,50.3565,20.0279,39.0,87,75,12.66,PL,2021-03-16 22:49:39
454,Otane,-39.8833,176.6333,64.99,57,3,1.99,NZ,2021-03-16 22:46:35
455,Estreito,-5.7833,-43.25,74.66,91,41,2.89,BR,2021-03-16 22:49:40
456,Poum,-20.2333,164.0167,78.85,74,5,4.36,NC,2021-03-16 22:46:27
457,Viransehir,37.2353,39.7631,45.79,85,46,4.38,TR,2021-03-16 22:49:40
458,Teeli,51.0333,90.2333,10.81,83,98,1.68,RU,2021-03-16 22:49:40
459,Kalianget,-7.05,113.9333,79.29,79,65,0.98,ID,2021-03-16 22:49:40
460,Brigantine,39.4101,-74.3646,39.99,75,90,9.22,US,2021-03-16 22:49:41
461,Berlevag,70.8578,29.0864,19.4,73,90,29.93,NO,2021-03-16 22:42:48
462,Muddebihal,16.3333,76.1333,74.05,31,40,10.71,IN,2021-03-16 22:49:41
463,Bilma,18.6853,12.9164,77.23,16,35,13.85,NE,2021-03-16 22:47:21
464,Sabzevar,36.2126,57.6819,52.16,48,39,3.38,IR,2021-03-16 22:49:41
465,Debre Birhan,9.6833,39.5333,49.17,70,7,5.73,ET,2021-03-16 22:49:42
466,Takoradi,4.8845,-1.7554,81.12,83,77,10.98,GH,2021-03-16 22:49:42
467,Colares,38.7992,-9.4469,64.99,51,0,8.63,PT,2021-03-16 22:49:42
468,Siverek,37.755,39.3167,42.8,93,0,4.61,TR,2021-03-16 22:49:42
469,Constantine,36.365,6.6147,44.6,81,75,17.27,DZ,2021-03-16 22:49:43
470,Milkovo,54.7167,158.6167,30.94,92,98,8.63,RU,2021-03-16 22:49:43
471,Cabo San Lucas,22.8909,-109.9124,80.6,34,1,8.05,MX,2021-03-16 22:46:46
472,Tutoia,-2.7619,-42.2744,77.68,89,97,7.47,BR,2021-03-16 22:49:43
473,Ugoofaaru,5.6667,73.0,82.51,68,3,6.13,MV,2021-03-16 22:49:44
474,Ahipara,-35.1667,173.1667,66.72,62,11,9.84,NZ,2021-03-16 22:43:19
475,Escazu,9.9189,-84.1399,77.0,60,40,14.97,CR,2021-03-16 22:49:44
476,Gigmoto,13.7796,124.39,80.42,86,42,4.9,PH,2021-03-16 22:45:01
477,Huarmey,-10.0681,-78.1522,74.84,76,63,9.4,PE,2021-03-16 22:49:44
478,San Pedro De Los Naranjos,20.25,-100.9833,84.2,18,40,10.36,MX,2021-03-16 22:45:14
479,Chiradzulu,-15.6746,35.1407,63.46,91,24,1.77,MW,2021-03-16 22:49:45
480,Lakes Entrance,-37.8811,147.981,63.0,80,12,1.99,AU,2021-03-16 22:49:45
481,Mirnyy,62.5353,113.9611,13.32,91,100,9.66,RU,2021-03-16 22:49:45
482,Rajshahi,24.3667,88.6,72.82,22,0,1.59,BD,2021-03-16 22:49:45
483,Quirinopolis,-18.4483,-50.4517,73.45,84,85,4.32,BR,2021-03-16 22:49:46
484,Baijiantan,45.6333,85.1833,27.5,94,99,7.31,CN,2021-03-16 22:48:08
485,Sept-Iles,50.2001,-66.3821,17.01,48,20,9.22,CA,2021-03-16 22:49:02
486,Santa Cruz Del Sur,20.7147,-77.9956,78.96,65,0,6.42,CU,2021-03-16 22:49:46
487,Gao,16.6362,1.637,80.6,15,0,7.16,ML,2021-03-16 22:49:46
488,Villa Rica,33.7321,-84.9191,50.0,100,90,9.22,US,2021-03-16 22:49:47
489,Barranca,-10.75,-77.7667,72.79,79,99,8.05,PE,2021-03-16 22:49:47
490,Gazojak,41.1875,61.4036,28.22,72,95,17.0,TM,2021-03-16 22:49:47
491,Abha,18.2164,42.5053,64.4,51,0,1.81,SA,2021-03-16 22:49:48
492,Minab,27.1467,57.0801,68.0,73,11,4.61,IR,2021-03-16 22:49:48
493,Saint George,37.1041,-113.5841,46.99,65,90,8.05,US,2021-03-16 22:44:31
494,Jian,27.1172,114.9793,64.33,92,100,4.27,CN,2021-03-16 22:49:48
495,Manono,-7.3,27.4167,65.8,87,100,2.21,CD,2021-03-16 22:49:48
496,Bengkulu,-3.8004,102.2655,74.3,84,82,4.29,ID,2021-03-16 22:46:22
497,Mortka,59.3322,66.0214,18.45,92,95,9.26,RU,2021-03-16 22:49:49
498,Tateyama,34.9833,139.8667,55.0,50,20,9.22,JP,2021-03-16 22:49:49
499,Workington,54.6425,-3.5441,42.01,86,82,6.53,GB,2021-03-16 22:49:49
500,Santa Helena De Goias,-17.8136,-50.5969,73.6,85,96,4.74,BR,2021-03-16 22:49:50
501,Pangkalanbuun,-2.6833,111.6167,74.93,91,23,0.98,ID,2021-03-16 22:47:40
502,La Troncal,-2.4,-79.3333,86.0,94,90,1.34,EC,2021-03-16 22:49:50
503,Tahe,52.3333,124.7333,9.21,83,94,3.58,CN,2021-03-16 22:49:50
504,Analipsis,35.3167,25.5667,55.99,82,40,4.61,GR,2021-03-16 22:49:51
505,Mareeba,-17.0,145.4333,84.0,69,88,3.44,AU,2021-03-16 22:49:51
506,Christchurch,-43.5333,172.6333,64.0,51,69,3.44,NZ,2021-03-16 22:47:49
507,Ixtapa,20.7,-105.2,73.4,73,1,12.66,MX,2021-03-16 22:46:25
508,Tessalit,20.1986,1.0114,74.64,14,0,6.49,ML,2021-03-16 22:49:51
509,Harper,4.375,-7.7169,79.75,86,48,10.92,LR,2021-03-16 22:49:52
510,Pudozh,61.8099,36.5345,26.44,97,95,4.27,RU,2021-03-16 22:49:52
511,Isla Vista,34.4133,-119.861,62.01,47,1,10.36,US,2021-03-16 22:49:52
512,Pala,9.3642,14.9046,79.97,25,98,1.9,TD,2021-03-16 22:49:52
513,Port-Cartier,50.0334,-66.8654,17.01,48,20,9.22,CA,2021-03-16 22:49:08
514,Kabanjahe,3.1001,98.4908,75.2,94,40,3.44,ID,2021-03-16 22:47:27
515,Iquique,-20.2208,-70.1431,75.2,57,0,16.11,CL,2021-03-16 22:47:12
516,Tianpeng,30.9866,103.9393,64.0,1,97,7.09,CN,2021-03-16 22:49:53
517,Talavera,15.6167,120.9333,77.0,94,75,2.3,PH,2021-03-16 22:46:52
518,Aconibe,1.2968,10.9369,68.7,97,57,2.3,GQ,2021-03-16 22:49:53
519,Egvekinot,66.3167,-179.1667,-5.76,90,99,4.61,RU,2021-03-16 22:49:53
520,Conceicao Da Barra,-18.5933,-39.7322,76.08,86,14,6.24,BR,2021-03-16 22:49:54
521,Ranong,9.9658,98.6348,73.0,88,100,4.41,TH,2021-03-16 22:49:54
522,Adolfo Lopez Mateos,28.4667,-107.3,64.0,7,0,18.01,MX,2021-03-16 22:49:54
523,Sorland,67.667,12.6934,37.63,62,23,8.61,NO,2021-03-16 22:49:55
524,Madimba,-10.4,40.3333,77.47,85,81,3.02,TZ,2021-03-16 22:49:55
525,Grindavik,63.8424,-22.4338,44.6,100,90,19.57,IS,2021-03-16 22:46:37
526,Cayenne,4.9333,-52.3333,80.01,78,31,10.92,GF,2021-03-16 22:49:55
527,Moose Jaw,50.4001,-105.5344,33.8,37,97,12.66,CA,2021-03-16 22:49:56
528,Ndele,8.4109,20.6473,70.92,86,100,9.64,CF,2021-03-16 22:49:56
529,Mogzon,51.7435,111.9606,1.99,97,58,5.41,RU,2021-03-16 22:49:56
530,Udachnyy,66.4167,112.4,-32.04,92,13,4.38,RU,2021-03-16 22:49:57
531,Kampot,10.6167,104.1833,77.0,88,40,1.14,KH,2021-03-16 22:49:57
532,Svetlyy,54.675,20.1347,33.8,100,90,8.95,RU,2021-03-16 22:49:57
533,Kouango,4.9934,19.9619,70.66,94,98,3.51,CF,2021-03-16 22:49:57
534,Banda Aceh,5.5577,95.3222,78.17,82,69,5.08,ID,2021-03-16 22:49:58
535,Acarau,-2.8856,-40.12,79.12,82,91,8.59,BR,2021-03-16 22:49:58
536,Ponta Grossa,-25.095,-50.1619,66.61,87,9,3.49,BR,2021-03-16 22:46:26
537,Wanning,18.8003,110.3967,69.87,92,18,0.56,CN,2021-03-16 22:46:41
538,Hervey Bay,-25.2986,152.8535,70.0,85,100,3.0,AU,2021-03-16 22:49:58
539,Pandan,14.0453,124.1694,79.09,87,55,5.06,PH,2021-03-16 22:46:36
540,Pestovo,58.5938,35.8024,28.65,94,100,2.08,RU,2021-03-16 22:49:59
541,Mahibadhoo,3.7833,72.9667,82.4,69,55,9.84,MV,2021-03-16 22:49:59
542,Rocha,-34.4833,-54.3333,71.53,85,88,10.96,UY,2021-03-16 22:49:59
543,Albina,5.5,-54.05,72.46,89,66,3.18,SR,2021-03-16 22:50:00
544,Margate,51.3813,1.3862,46.0,69,48,8.01,GB,2021-03-16 22:50:00
545,La Ronge,55.1001,-105.2842,41.0,28,0,9.22,CA,2021-03-16 22:46:26
546,Moerai,-22.4333,-151.3333,78.76,76,33,23.09,PF,2021-03-16 22:45:09
547,College,64.8569,-147.8028,10.0,72,75,4.61,US,2021-03-16 22:50:00
548,Inhuma,-6.6683,-41.7078,72.5,88,4,3.67,BR,2021-03-16 22:50:01
549,Vallecillo,14.5167,-87.4,84.2,32,40,11.5,HN,2021-03-16 22:50:01
550,Dzhebariki-Khaya,62.2167,135.8,-3.86,87,0,2.46,RU,2021-03-16 22:50:02
551,Swan Hill,-35.3378,143.5544,72.95,53,32,12.75,AU,2021-03-16 22:50:02
552,Dicabisagan,17.0818,122.4157,77.49,83,62,2.17,PH,2021-03-16 22:47:52
553,Lakselv,70.0513,24.9718,19.4,68,75,19.57,NO,2021-03-16 22:50:02
554,Zaozerne,45.1582,33.2787,45.0,67,100,5.99,UA,2021-03-16 22:50:03
555,Espanola,35.9911,-106.0806,55.4,21,75,12.66,US,2021-03-16 22:45:04
556,Lagoa,39.05,-27.9833,59.95,89,96,27.2,PT,2021-03-16 22:46:30
557,Dubrovka,53.6907,33.5071,31.93,94,100,6.64,RU,2021-03-16 22:47:17
558,Ouahigouya,13.5828,-2.4216,83.01,13,0,11.12,BF,2021-03-16 22:50:03
559,Tres Arroyos,-38.3739,-60.2798,63.57,95,100,13.85,AR,2021-03-16 22:48:13
560,Goryachegorsk,55.4053,88.9154,2.5,89,63,3.94,RU,2021-03-16 22:50:04
561,Vila Velha,-20.3297,-40.2925,79.0,78,0,13.8,BR,2021-03-16 22:47:56
562,Kang,-23.6752,22.7876,72.18,58,29,2.42,BW,2021-03-16 22:50:04
563,Esperance,-33.8667,121.9,60.8,72,84,16.11,AU,2021-03-16 22:46:33
564,Pathein,16.7833,94.7333,70.74,89,3,4.9,MM,2021-03-16 22:50:05
565,Ciudad Ojeda,10.1964,-71.3082,83.12,66,98,12.91,VE,2021-03-16 22:50:05
566,Tiksi,71.6872,128.8694,-14.94,99,100,4.25,RU,2021-03-16 22:46:35
